Fusiform_R,Temporal_Pole_Sup_L,Temporal_Pole_Mid_R,Frontal_Inf_Tri_R,Parietal_Inf_R,Occipital_Inf_R,Rolandic_Oper_L,Frontal_Sup_R,Precentral_R,Temporal_Mid_L,Frontal_Sup_L,Precentral_L,Frontal_Inf_Oper_L,Frontal_Inf_Tri_L,Temporal_Pole_Mid_L,Postcentral_R,Occipital_Inf_L,ParaHippocampal_L,Olfactory_R,Thalamus_L,Occipital_Mid_R,Thalamus_R,Occipital_Mid_L,Calcarine_L,Temporal_Pole_Sup_R,Heschl_R,SupraMarginal_L,Postcentral_L,Lingual_R,Heschl_L,Hippocampus_R,Temporal_Sup_L,Lingual_L
0.06068095838587643,0.0655611601513241,0.06686002522068096,0.07317150063051701,0.07399747793190416,0.07822194199243379,0.08667717528373267,0.09578814627994957,0.09779319041614123,0.09914249684741488,0.1111034047919294,0.11272383354350568,0.11288146279949558,0.11450819672131148,0.1203026481715006,0.1266141235813367,0.132484237074401,0.13325977301387137,0.1358827238335435,0.13709962168978562,0.13812105926860027,0.1469356872635561,0.14794451450189156,0.15049180327868852,0.15542875157629255,0.15882093316519547,0.16346784363177808,0.16402900378310215,0.16988020176544766,0.17044766708701137,0.1817591424968474,0.19186633039092055,0.23138713745271122
0.005903215636822194,0.013709016393442621,0.018078499369482977,0.012318726355611601,0.02038934426229508,0.009773013871374527,0.015260088272383353,0.016336696090794453,0.043677490542244644,0.023045397225725094,0.04659205548549811,0.06602301387137453,0.07765605296343002,0.04506935687263556,0.07308165195460278,0.08480138713745271,0.04948297604035309,0.05418820933165195,0.047616645649432535,0.04009773013871375,0.07430958385876418,0.06090794451450189,0.07474621689785624,0.0992670239596469,0.12973203026481714,0.03453499369482976,0.1071358764186633,0.10630517023959647,0.09669451450189155,0.03252522068095839,0.09811002522068095,0.12811002522068096,0.14796500630517023
0.12720838587641867,0.1028767339218159,0.11368379571248426,0.11212011349306432,0.1769577553593947,0.1680485498108449,0.1532172131147541,0.15349148802017654,0.13384773013871376,0.16849779319041616,0.17061475409836066,0.16887767969735182,0.14702080706179066,0.17720208070617907,0.15419766708701135,0.1830911097099622,0.21695617906683481,0.2037594577553594,0.2221752837326608,0.20150378310214376,0.19309583858764187,0.23712011349306433,0.20004728877679698,0.22936948297604037,0.17540825977301386,0.24272068095838586,0.1971469104665826,0.21547761664564943,0.22800598991172763,0.24405107187894076,0.28166298865069356,0.2713272383354351,0.2730753467843632
